cgpa,semester,graduation_year,skills_count,projects_count,certificates_count,internships_count,readiness_score,branch,academic_year,placed
8.15,6,2025,8,2,2,0,76,Computer Science,3rd Year,1
7.45,8,2024,4,5,2,1,58,Information Technology,4th Year,1
8.31,8,2024,6,6,1,2,41,Electronics & Comm,4th Year,1
9.28,8,2024,6,0,3,0,66,Computer Science,4th Year,1
7.34,8,2024,3,2,0,1,48,Mechanical,4th Year,1
7.34,8,2024,7,7,4,1,67,Information Technology,4th Year,1
9.34,7,2025,8,3,0,2,70,Electrical,4th Year,1
8.44,7,2025,11,3,4,2,86,Computer Science,4th Year,1
7.08,8,2024,8,0,0,2,47,Electrical,4th Year,1
8.2,7,2025,3,6,0,1,83,Information Technology,4th Year,1
7.09,8,2024,6,3,1,1,71,Information Technology,4th Year,1
7.09,8,2024,3,0,2,2,85,Information Technology,4th Year,1
7.87,7,2025,6,6,2,0,63,Computer Science,4th Year,1
5.5,7,2025,9,3,3,1,50,Mechanical,4th Year,1
5.7,8,2024,5,6,3,0,51,Information Technology,4th Year,1
6.98,7,2025,2,1,3,1,50,Computer Science,4th Year,0
6.49,8,2024,8,5,0,1,77,Computer Science,4th Year,1
7.95,7,2025,9,4,1,1,92,Computer Science,4th Year,1
6.6,8,2024,5,4,1,1,61,Information Technology,4th Year,1
6.05,6,2025,7,4,1,0,79,Information Technology,3rd Year,1
9.21,8,2024,7,1,1,2,47,Information Technology,4th Year,1
7.35,7,2025,2,1,1,1,72,Computer Science,4th Year,0
7.67,7,2025,5,8,3,1,80,Information Technology,4th Year,1
6.03,6,2025,2,6,2,1,48,Information Technology,3rd Year,1
7.0,8,2024,9,4,5,0,66,Computer Science,4th Year,1
7.72,8,2024,10,2,1,0,80,Computer Science,4th Year,1
6.33,7,2025,6,3,2,1,25,Computer Science,4th Year,0
8.01,6,2025,6,4,1,0,90,Mechanical,3rd Year,1
6.94,6,2025,13,4,0,0,75,Electronics & Comm,3rd Year,1
7.28,8,2024,10,2,2,2,80,Electrical,4th Year,1
6.94,8,2024,5,1,1,1,63,Computer Science,4th Year,1
9.64,7,2025,8,4,1,1,44,Mechanical,4th Year,1
7.59,7,2025,7,1,2,1,78,Information Technology,4th Year,1
6.44,7,2025,7,4,2,2,68,Information Technology,4th Year,1
8.5,7,2025,5,5,2,0,70,Computer Science,4th Year,1
6.26,7,2025,4,2,4,2,86,Electronics & Comm,4th Year,1
7.83,8,2024,6,4,1,1,81,Mechanical,4th Year,1
5.44,6,2025,4,2,1,0,98,Computer Science,3rd Year,0
6.14,8,2024,7,3,3,1,72,Computer Science,4th Year,1
7.82,7,2025,4,4,3,1,59,Information Technology,4th Year,1
8.41,7,2025,6,4,2,1,67,Electrical,4th Year,1
7.79,8,2024,5,3,2,0,76,Electronics & Comm,4th Year,1
7.47,8,2024,5,5,1,1,85,Computer Science,4th Year,1
7.27,8,2024,3,3,4,1,47,Computer Science,4th Year,1
5.97,6,2025,4,2,2,1,70,Computer Science,3rd Year,0
6.81,6,2025,10,1,5,2,94,Mechanical,3rd Year,1
7.09,8,2024,8,4,3,2,66,Electronics & Comm,4th Year,1
8.76,7,2025,2,2,3,1,83,Information Technology,4th Year,1
7.98,7,2025,7,4,1,3,77,Computer Science,4th Year,1
5.66,6,2025,2,5,4,0,84,Mechanical,3rd Year,1
7.96,6,2025,6,0,0,0,57,Information Technology,3rd Year,1
7.18,8,2024,6,2,1,1,57,Electrical,4th Year,1
6.86,6,2025,3,2,2,1,70,Information Technology,3rd Year,0
8.27,7,2025,3,2,0,1,47,Electronics & Comm,4th Year,1
8.73,7,2025,11,1,2,1,65,Electronics & Comm,4th Year,1
8.62,7,2025,7,2,1,0,73,Computer Science,4th Year,1
6.68,6,2025,8,2,2,0,96,Electrical,3rd Year,1
7.26,7,2025,7,7,6,2,76,Computer Science,4th Year,1
7.96,6,2025,3,2,3,2,79,Electronics & Comm,3rd Year,1
8.67,8,2024,4,3,3,1,87,Electrical,4th Year,1
7.07,7,2025,4,1,2,1,55,Computer Science,4th Year,1
7.4,7,2025,6,4,3,1,67,Information Technology,4th Year,1
6.38,8,2024,5,2,2,0,100,Information Technology,4th Year,1
6.28,8,2024,11,3,1,1,68,Electronics & Comm,4th Year,1
8.49,7,2025,10,5,4,1,86,Mechanical,4th Year,1
9.09,7,2025,5,3,4,1,84,Information Technology,4th Year,1
7.52,7,2025,1,3,5,0,47,Electronics & Comm,4th Year,0
8.7,8,2024,5,3,0,2,74,Computer Science,4th Year,1
8.0,8,2024,4,4,1,2,72,Computer Science,4th Year,1
6.89,8,2024,4,6,0,0,74,Computer Science,4th Year,1
8.0,7,2025,7,5,1,1,58,Information Technology,4th Year,1
9.29,8,2024,9,1,1,2,53,Computer Science,4th Year,1
7.56,7,2025,4,4,1,0,62,Information Technology,4th Year,1
9.32,6,2025,6,1,0,1,68,Computer Science,3rd Year,1
5.0,7,2025,6,3,3,1,87,Electronics & Comm,4th Year,1
8.5,8,2024,5,4,2,1,97,Computer Science,4th Year,1
7.7,6,2025,8,4,0,2,90,Information Technology,3rd Year,1
7.27,8,2024,6,5,1,1,82,Information Technology,4th Year,1
7.7,7,2025,4,3,2,0,54,Mechanical,4th Year,1
5.41,7,2025,7,1,6,0,63,Electronics & Comm,4th Year,0
7.36,6,2025,5,1,5,0,73,Electronics & Comm,3rd Year,1
7.99,7,2025,2,4,3,1,60,Mechanical,4th Year,1
9.23,8,2024,2,5,0,2,78,Information Technology,4th Year,1
7.03,7,2025,10,2,1,0,80,Computer Science,4th Year,1
6.71,8,2024,10,4,2,1,78,Mechanical,4th Year,1
7.05,8,2024,7,6,1,1,85,Electronics & Comm,4th Year,1
8.61,8,2024,6,3,1,0,56,Computer Science,4th Year,1
7.96,7,2025,6,3,1,1,83,Electronics & Comm,4th Year,1
7.02,7,2025,6,3,5,1,59,Mechanical,4th Year,1
8.16,6,2025,8,2,2,1,55,Electrical,3rd Year,1
7.71,8,2024,4,4,1,1,77,Electrical,4th Year,1
8.67,8,2024,3,2,3,1,88,Computer Science,4th Year,1
6.83,7,2025,6,1,5,3,77,Computer Science,4th Year,1
7.24,8,2024,7,2,1,1,70,Computer Science,4th Year,1
7.17,7,2025,7,2,3,1,74,Computer Science,4th Year,1
5.99,8,2024,2,4,1,1,72,Mechanical,4th Year,0
7.93,6,2025,6,4,3,0,53,Computer Science,3rd Year,1
7.89,8,2024,8,3,5,1,51,Information Technology,4th Year,1
7.61,6,2025,11,4,2,1,68,Information Technology,3rd Year,1
7.34,8,2024,8,4,1,0,71,Electronics & Comm,4th Year,1
6.04,8,2024,9,1,0,1,70,Computer Science,4th Year,1
7.14,8,2024,5,5,1,0,80,Computer Science,4th Year,1
7.22,6,2025,4,4,3,1,66,Computer Science,3rd Year,1
6.72,7,2025,10,1,4,0,78,Computer Science,4th Year,1
7.42,7,2025,5,5,1,0,67,Electrical,4th Year,1
8.04,7,2025,2,4,5,2,97,Electronics & Comm,4th Year,1
9.67,6,2025,9,1,2,2,71,Information Technology,3rd Year,1
7.79,8,2024,8,2,3,0,100,Mechanical,4th Year,1
7.88,7,2025,6,4,1,1,75,Computer Science,4th Year,1
7.52,7,2025,3,2,3,1,66,Electronics & Comm,4th Year,1
5.49,7,2025,3,6,1,1,56,Computer Science,4th Year,1
7.57,7,2025,8,4,5,1,48,Electronics & Comm,4th Year,1
7.67,8,2024,4,6,4,0,55,Information Technology,4th Year,1
9.9,7,2025,3,4,2,1,56,Computer Science,4th Year,1
7.39,8,2024,4,4,3,0,75,Computer Science,4th Year,1
7.93,7,2025,6,2,1,0,62,Computer Science,4th Year,1
7.56,8,2024,5,1,2,2,72,Electronics & Comm,4th Year,1
6.31,8,2024,7,3,1,1,89,Computer Science,4th Year,1
8.86,7,2025,10,2,5,1,68,Information Technology,4th Year,1
8.43,8,2024,8,4,1,1,100,Electronics & Comm,4th Year,1
8.47,6,2025,7,5,2,1,52,Information Technology,3rd Year,1
6.6,8,2024,5,0,0,1,67,Electronics & Comm,4th Year,0
9.14,7,2025,5,5,1,1,61,Computer Science,4th Year,1
6.06,8,2024,6,3,0,1,84,Information Technology,4th Year,1
8.25,8,2024,6,3,3,1,36,Mechanical,4th Year,1
9.9,8,2024,3,5,0,1,48,Information Technology,4th Year,1
6.51,8,2024,7,0,4,1,68,Information Technology,4th Year,1
6.98,7,2025,4,3,1,1,93,Electronics & Comm,4th Year,1
7.71,6,2025,7,1,2,1,73,Computer Science,3rd Year,1
7.05,7,2025,6,2,2,1,49,Electronics & Comm,4th Year,1
5.89,6,2025,7,3,2,1,52,Mechanical,3rd Year,0
7.68,8,2024,4,1,1,1,95,Computer Science,4th Year,1
6.43,7,2025,3,1,2,2,60,Mechanical,4th Year,0
8.12,8,2024,4,4,0,1,55,Computer Science,4th Year,1
6.59,8,2024,6,5,5,2,92,Information Technology,4th Year,1
9.3,8,2024,5,5,4,1,85,Mechanical,4th Year,1
6.74,6,2025,5,2,4,3,89,Electronics & Comm,3rd Year,1
7.25,8,2024,12,2,1,1,55,Mechanical,4th Year,1
8.49,8,2024,6,3,1,3,47,Mechanical,4th Year,1
6.25,7,2025,4,5,3,0,71,Computer Science,4th Year,1
7.85,8,2024,6,6,1,0,75,Information Technology,4th Year,1
9.04,8,2024,6,3,3,1,75,Computer Science,4th Year,1
5.83,6,2025,9,1,0,3,92,Computer Science,3rd Year,1
7.8,7,2025,9,2,1,1,43,Computer Science,4th Year,1
7.89,7,2025,5,2,3,0,82,Electronics & Comm,4th Year,1
8.46,6,2025,7,2,2,1,53,Information Technology,3rd Year,1
6.24,7,2025,10,2,3,1,82,Electronics & Comm,4th Year,1
6.15,6,2025,2,2,2,1,62,Electronics & Comm,3rd Year,0
8.17,6,2025,5,3,1,1,57,Computer Science,3rd Year,1
7.93,6,2025,5,4,2,3,60,Information Technology,3rd Year,1
7.88,8,2024,5,3,1,2,48,Computer Science,4th Year,1
7.98,7,2025,7,2,1,1,70,Information Technology,4th Year,1
6.85,8,2024,4,2,3,1,58,Electronics & Comm,4th Year,1
7.86,7,2025,7,5,6,1,81,Information Technology,4th Year,1
7.92,7,2025,4,3,1,1,79,Mechanical,4th Year,1
6.81,7,2025,8,2,2,0,95,Electronics & Comm,4th Year,1
9.65,7,2025,5,1,5,2,75,Information Technology,4th Year,1
8.12,6,2025,7,5,2,1,77,Electronics & Comm,3rd Year,1
6.29,8,2024,5,2,0,2,91,Computer Science,4th Year,1
8.32,7,2025,8,2,4,2,60,Computer Science,4th Year,1
6.53,8,2024,5,5,1,0,47,Computer Science,4th Year,1
8.47,8,2024,3,2,1,3,73,Computer Science,4th Year,1
8.87,6,2025,8,3,0,1,48,Computer Science,3rd Year,1
6.7,6,2025,12,0,1,1,100,Electrical,3rd Year,1
8.66,8,2024,10,0,3,1,91,Information Technology,4th Year,1
8.05,7,2025,3,1,3,1,100,Information Technology,4th Year,1
8.5,6,2025,3,4,2,1,70,Computer Science,3rd Year,1
9.69,8,2024,9,6,0,1,78,Computer Science,4th Year,1
7.33,6,2025,7,3,2,0,63,Computer Science,3rd Year,1
6.77,8,2024,4,1,1,1,83,Information Technology,4th Year,1
6.62,8,2024,5,0,3,1,51,Information Technology,4th Year,0
6.7,7,2025,3,0,0,0,31,Information Technology,4th Year,0
7.52,6,2025,4,0,1,1,58,Information Technology,3rd Year,1
7.98,6,2025,5,1,3,1,48,Electronics & Comm,3rd Year,1
7.9,7,2025,4,3,4,1,92,Computer Science,4th Year,1
8.51,6,2025,4,5,0,0,97,Electronics & Comm,3rd Year,1
7.61,8,2024,8,7,2,2,48,Information Technology,4th Year,1
9.2,6,2025,7,0,1,1,89,Information Technology,3rd Year,1
7.31,7,2025,4,4,1,0,84,Computer Science,4th Year,1
9.9,8,2024,5,2,2,1,46,Computer Science,4th Year,1
8.29,8,2024,6,2,1,1,64,Computer Science,4th Year,1
6.66,8,2024,4,4,4,0,61,Electrical,4th Year,1
6.42,7,2025,3,0,3,1,81,Information Technology,4th Year,0
8.13,8,2024,7,3,3,2,51,Electrical,4th Year,1
7.35,7,2025,9,1,3,2,68,Information Technology,4th Year,1
8.39,7,2025,9,3,4,0,59,Computer Science,4th Year,1
8.12,6,2025,7,6,1,2,77,Information Technology,3rd Year,1
7.52,8,2024,7,3,3,1,66,Computer Science,4th Year,1
6.67,7,2025,7,5,3,2,61,Mechanical,4th Year,1
5.93,6,2025,9,2,3,0,66,Electronics & Comm,3rd Year,1
7.11,7,2025,6,1,4,1,100,Electronics & Comm,4th Year,1
8.54,7,2025,3,4,1,1,63,Information Technology,4th Year,1
7.84,8,2024,7,7,1,0,54,Information Technology,4th Year,1
6.23,8,2024,2,2,0,2,78,Electrical,4th Year,1
7.79,8,2024,3,4,6,1,67,Computer Science,4th Year,1
8.02,6,2025,5,4,0,0,48,Electronics & Comm,3rd Year,1
6.63,7,2025,5,0,1,1,100,Information Technology,4th Year,1
7.77,7,2025,6,5,3,1,64,Electrical,4th Year,1
7.66,6,2025,8,7,1,0,64,Electronics & Comm,3rd Year,1
6.34,7,2025,5,1,2,3,72,Electrical,4th Year,1
7.99,8,2024,6,2,1,2,95,Information Technology,4th Year,1
8.22,6,2025,7,3,1,1,44,Computer Science,3rd Year,1
8.79,7,2025,1,1,2,1,74,Information Technology,4th Year,1
8.76,7,2025,3,2,2,1,100,Electronics & Comm,4th Year,1
6.08,6,2025,7,2,2,2,71,Electronics & Comm,3rd Year,1
6.57,7,2025,4,1,2,2,51,Computer Science,4th Year,1
8.17,8,2024,7,7,2,1,60,Information Technology,4th Year,1
8.17,8,2024,7,0,2,2,73,Computer Science,4th Year,1
8.17,8,2024,10,8,4,1,89,Mechanical,4th Year,1
9.9,7,2025,3,3,1,1,64,Computer Science,4th Year,1
8.23,6,2025,4,3,1,2,82,Information Technology,3rd Year,1
8.85,7,2025,4,0,2,1,48,Computer Science,4th Year,1
8.65,7,2025,6,3,2,1,48,Computer Science,4th Year,1
8.32,8,2024,9,1,3,1,62,Mechanical,4th Year,1
7.25,6,2025,7,3,2,0,91,Computer Science,3rd Year,1
8.43,7,2025,5,1,1,1,71,Computer Science,4th Year,1
6.75,6,2025,6,1,3,2,74,Computer Science,3rd Year,1
7.34,7,2025,5,5,5,1,74,Information Technology,4th Year,1
7.07,8,2024,6,4,2,2,86,Information Technology,4th Year,1
7.69,7,2025,6,8,3,0,60,Computer Science,4th Year,1
9.9,7,2025,9,2,1,1,80,Information Technology,4th Year,1
5.55,7,2025,4,2,4,3,57,Computer Science,4th Year,1
8.35,7,2025,7,2,3,1,99,Mechanical,4th Year,1
5.83,8,2024,5,2,2,0,57,Electronics & Comm,4th Year,0
7.08,8,2024,5,4,3,1,56,Electrical,4th Year,1
8.8,8,2024,7,1,2,1,78,Mechanical,4th Year,1
7.67,8,2024,6,2,1,0,71,Computer Science,4th Year,1
6.41,7,2025,8,2,1,2,74,Computer Science,4th Year,1
6.81,8,2024,5,3,3,3,73,Electronics & Comm,4th Year,1
8.35,7,2025,6,1,4,1,53,Computer Science,4th Year,1
6.8,7,2025,6,1,5,2,94,Computer Science,4th Year,1
7.84,8,2024,10,5,3,2,83,Computer Science,4th Year,1
7.65,6,2025,5,4,2,1,90,Information Technology,3rd Year,1
6.88,8,2024,4,7,0,0,62,Information Technology,4th Year,1
9.9,7,2025,3,1,3,0,76,Computer Science,4th Year,1
8.3,8,2024,6,2,3,0,72,Computer Science,4th Year,1
5.37,8,2024,3,5,3,0,86,Electronics & Comm,4th Year,1
7.81,8,2024,4,4,1,1,87,Computer Science,4th Year,1
6.87,8,2024,4,5,2,1,72,Electrical,4th Year,1
8.54,8,2024,5,4,3,0,47,Computer Science,4th Year,1
6.73,6,2025,7,3,1,0,96,Information Technology,3rd Year,1
7.47,7,2025,3,4,4,1,78,Computer Science,4th Year,1
8.16,6,2025,5,6,2,0,60,Computer Science,3rd Year,1
8.55,8,2024,5,4,2,2,76,Information Technology,4th Year,1
6.28,7,2025,4,6,2,0,47,Information Technology,4th Year,1
7.23,8,2024,7,2,1,2,85,Mechanical,4th Year,1
7.08,6,2025,9,4,2,2,47,Electronics & Comm,3rd Year,1
6.88,6,2025,8,0,1,1,66,Computer Science,3rd Year,1
9.54,8,2024,7,3,5,2,73,Computer Science,4th Year,1
8.05,6,2025,8,1,3,2,85,Computer Science,3rd Year,1
6.21,6,2025,7,4,1,0,71,Computer Science,3rd Year,1
8.61,6,2025,5,2,2,3,79,Information Technology,3rd Year,1
9.9,8,2024,10,3,3,2,69,Electrical,4th Year,1
8.74,8,2024,5,4,3,2,69,Information Technology,4th Year,1
5.93,7,2025,4,5,5,1,71,Electronics & Comm,4th Year,1
7.07,7,2025,5,2,1,1,67,Information Technology,4th Year,1
8.99,7,2025,4,4,0,1,44,Electronics & Comm,4th Year,1
6.82,8,2024,10,5,0,1,58,Computer Science,4th Year,1
8.09,8,2024,5,4,4,1,73,Electronics & Comm,4th Year,1
8.45,6,2025,3,5,0,0,66,Mechanical,3rd Year,1
6.58,6,2025,5,1,1,1,67,Computer Science,3rd Year,1
7.53,6,2025,5,3,1,1,65,Computer Science,3rd Year,1
5.0,8,2024,10,5,2,0,57,Electrical,4th Year,1
6.47,8,2024,4,1,1,0,62,Electronics & Comm,4th Year,0
7.32,7,2025,8,0,3,0,65,Computer Science,4th Year,1
6.23,6,2025,10,1,4,1,70,Information Technology,3rd Year,1
9.4,6,2025,8,2,2,1,75,Computer Science,3rd Year,1
6.03,8,2024,9,3,3,0,67,Information Technology,4th Year,1
7.12,7,2025,5,1,2,2,54,Computer Science,4th Year,1
7.74,8,2024,8,2,2,2,49,Computer Science,4th Year,1
9.19,8,2024,8,2,2,2,100,Information Technology,4th Year,1
6.02,7,2025,11,5,2,0,53,Electronics & Comm,4th Year,1
8.88,7,2025,6,1,4,1,62,Mechanical,4th Year,1
7.61,6,2025,7,3,1,1,77,Computer Science,3rd Year,1
6.52,8,2024,10,2,1,3,75,Electronics & Comm,4th Year,1
8.11,8,2024,6,4,1,2,77,Computer Science,4th Year,1
7.82,8,2024,8,5,5,1,63,Computer Science,4th Year,1
6.94,7,2025,1,3,4,2,73,Mechanical,4th Year,1
7.68,6,2025,8,3,1,0,70,Information Technology,3rd Year,1
7.18,8,2024,4,3,2,0,65,Computer Science,4th Year,1
7.72,8,2024,8,2,4,1,73,Computer Science,4th Year,1
8.33,7,2025,9,3,0,0,85,Information Technology,4th Year,1
9.34,8,2024,3,6,3,0,69,Electronics & Comm,4th Year,1
6.24,8,2024,1,2,3,2,69,Electrical,4th Year,1
9.9,7,2025,5,1,3,0,86,Electronics & Comm,4th Year,1
5.45,8,2024,6,3,4,1,84,Mechanical,4th Year,1
7.43,8,2024,3,1,2,2,93,Electronics & Comm,4th Year,1
8.25,8,2024,3,4,2,1,43,Mechanical,4th Year,1
7.91,6,2025,4,5,1,0,83,Computer Science,3rd Year,1
6.92,7,2025,5,2,3,0,79,Mechanical,4th Year,1
7.37,8,2024,9,3,3,0,56,Computer Science,4th Year,1
7.06,7,2025,2,0,2,0,73,Mechanical,4th Year,0
6.95,7,2025,5,1,2,0,85,Computer Science,4th Year,1
8.53,7,2025,3,7,2,1,57,Electronics & Comm,4th Year,1
7.99,7,2025,7,6,5,1,76,Electronics & Comm,4th Year,1
6.84,8,2024,3,2,3,1,83,Electrical,4th Year,1
8.59,8,2024,5,2,2,2,53,Electronics & Comm,4th Year,1
7.94,7,2025,4,3,3,2,67,Computer Science,4th Year,1
8.49,6,2025,6,4,4,1,74,Information Technology,3rd Year,1
8.29,6,2025,8,3,3,0,58,Computer Science,3rd Year,1
6.69,8,2024,5,4,1,1,56,Computer Science,4th Year,1
6.98,8,2024,7,1,0,1,67,Computer Science,4th Year,1
8.42,7,2025,4,4,6,0,82,Computer Science,4th Year,1
8.27,8,2024,5,3,2,2,79,Information Technology,4th Year,1
7.58,8,2024,6,4,4,1,57,Mechanical,4th Year,1
7.73,8,2024,8,4,0,0,79,Mechanical,4th Year,1
9.01,8,2024,5,4,1,2,57,Computer Science,4th Year,1
6.95,7,2025,5,3,2,2,45,Computer Science,4th Year,1
8.2,8,2024,7,0,1,1,64,Computer Science,4th Year,1
7.38,7,2025,5,4,0,1,86,Computer Science,4th Year,1
7.36,8,2024,4,3,1,1,79,Computer Science,4th Year,1
8.81,8,2024,4,6,1,2,69,Computer Science,4th Year,1
8.51,8,2024,3,1,0,0,63,Information Technology,4th Year,1
8.49,8,2024,6,3,2,1,64,Information Technology,4th Year,1
9.04,6,2025,8,3,3,2,71,Information Technology,3rd Year,1
7.62,7,2025,7,3,2,0,53,Computer Science,4th Year,1
8.35,8,2024,8,3,6,2,64,Electronics & Comm,4th Year,1
7.26,8,2024,10,2,1,2,66,Electronics & Comm,4th Year,1
7.96,6,2025,7,3,1,0,49,Computer Science,3rd Year,1
7.46,6,2025,8,3,5,2,57,Computer Science,3rd Year,1
7.71,6,2025,10,3,2,0,76,Computer Science,3rd Year,1
8.25,8,2024,4,2,1,2,70,Computer Science,4th Year,1
6.7,8,2024,1,2,2,2,65,Information Technology,4th Year,1
9.9,7,2025,6,2,2,0,56,Computer Science,4th Year,1
6.49,7,2025,8,5,3,1,93,Information Technology,4th Year,1
6.26,8,2024,8,2,3,2,57,Computer Science,4th Year,1
8.87,8,2024,6,6,1,1,73,Electronics & Comm,4th Year,1
8.47,7,2025,5,4,1,0,62,Computer Science,4th Year,1
8.29,7,2025,10,3,4,0,70,Information Technology,4th Year,1
8.29,7,2025,6,3,3,1,76,Computer Science,4th Year,1
7.59,7,2025,11,0,2,3,49,Computer Science,4th Year,1
6.61,7,2025,6,5,3,2,69,Mechanical,4th Year,1
7.68,8,2024,9,2,3,1,87,Information Technology,4th Year,1
6.86,8,2024,5,3,1,1,96,Computer Science,4th Year,1
8.67,8,2024,7,3,3,1,68,Information Technology,4th Year,1
7.44,8,2024,3,4,0,0,70,Information Technology,4th Year,1
6.69,6,2025,5,2,1,1,100,Information Technology,3rd Year,1
7.25,7,2025,3,5,3,1,87,Computer Science,4th Year,1
8.05,6,2025,3,1,0,1,60,Mechanical,3rd Year,1
6.98,7,2025,4,4,2,2,60,Computer Science,4th Year,1
6.7,8,2024,5,0,3,1,84,Computer Science,4th Year,1
7.87,8,2024,9,6,4,1,54,Computer Science,4th Year,1
7.87,6,2025,5,2,1,0,86,Electronics & Comm,3rd Year,1
7.04,7,2025,9,2,3,3,75,Mechanical,4th Year,1
7.08,8,2024,4,1,0,2,77,Electronics & Comm,4th Year,1
7.86,7,2025,11,4,1,2,66,Electronics & Comm,4th Year,1
6.01,7,2025,6,1,1,1,60,Electrical,4th Year,1
6.05,8,2024,4,4,3,1,91,Information Technology,4th Year,1
6.81,8,2024,5,3,2,1,66,Electronics & Comm,4th Year,1
7.37,6,2025,4,2,0,0,63,Electrical,3rd Year,1
7.94,7,2025,4,3,2,1,68,Computer Science,4th Year,1
9.22,8,2024,11,3,2,2,72,Information Technology,4th Year,1
8.54,7,2025,7,3,4,0,54,Electronics & Comm,4th Year,1
7.42,6,2025,9,1,3,0,61,Mechanical,3rd Year,1
7.58,8,2024,7,2,5,2,60,Mechanical,4th Year,1
6.5,6,2025,4,4,2,0,82,Electronics & Comm,3rd Year,1
7.58,8,2024,4,2,4,1,56,Mechanical,4th Year,1
7.28,7,2025,8,5,3,1,43,Information Technology,4th Year,1
7.95,8,2024,3,4,5,1,40,Computer Science,4th Year,1
6.69,7,2025,11,4,0,2,47,Computer Science,4th Year,1
8.17,7,2025,5,3,1,1,90,Information Technology,4th Year,1
9.29,6,2025,6,1,2,2,70,Computer Science,3rd Year,1
7.48,7,2025,7,0,2,2,77,Information Technology,4th Year,1
8.04,8,2024,5,2,1,2,78,Computer Science,4th Year,1
8.36,8,2024,9,1,3,0,70,Mechanical,4th Year,1
7.16,7,2025,4,1,6,0,68,Computer Science,4th Year,1
7.85,7,2025,2,4,5,0,85,Mechanical,4th Year,1
7.61,8,2024,5,1,0,1,72,Mechanical,4th Year,1
7.71,8,2024,12,3,2,2,90,Information Technology,4th Year,1
6.75,7,2025,6,5,0,1,79,Computer Science,4th Year,1
7.63,7,2025,4,4,3,2,60,Electronics & Comm,4th Year,1
8.15,7,2025,5,5,1,1,62,Electronics & Comm,4th Year,1
9.2,8,2024,6,4,4,1,59,Computer Science,4th Year,1
8.66,6,2025,6,4,2,2,88,Computer Science,3rd Year,1
9.9,8,2024,8,2,3,1,63,Computer Science,4th Year,1
6.76,7,2025,8,0,0,2,58,Computer Science,4th Year,1
8.56,8,2024,7,2,2,0,74,Computer Science,4th Year,1
7.8,6,2025,8,5,2,2,68,Computer Science,3rd Year,1
9.9,7,2025,1,6,1,1,74,Information Technology,4th Year,1
6.71,7,2025,10,1,4,2,98,Electrical,4th Year,1
6.68,8,2024,5,0,1,0,83,Information Technology,4th Year,0
6.94,6,2025,10,4,1,1,70,Mechanical,3rd Year,1
5.26,7,2025,2,4,1,2,48,Electronics & Comm,4th Year,0
7.02,7,2025,5,5,3,2,62,Electronics & Comm,4th Year,1
6.76,7,2025,9,3,2,0,80,Computer Science,4th Year,1
7.77,8,2024,3,1,0,1,52,Computer Science,4th Year,1
7.98,8,2024,5,5,6,1,100,Electronics & Comm,4th Year,1
9.66,8,2024,3,2,2,0,70,Mechanical,4th Year,1
8.65,7,2025,5,4,1,2,70,Information Technology,4th Year,1
6.97,8,2024,5,1,1,0,60,Computer Science,4th Year,0
6.61,7,2025,6,4,4,1,77,Electronics & Comm,4th Year,1
8.14,6,2025,8,6,4,1,52,Computer Science,3rd Year,1
6.15,6,2025,3,1,2,1,100,Computer Science,3rd Year,1
9.61,7,2025,9,3,5,2,89,Electronics & Comm,4th Year,1
8.9,8,2024,8,2,1,3,84,Information Technology,4th Year,1
7.08,8,2024,6,2,0,0,49,Information Technology,4th Year,1
5.72,8,2024,5,4,4,1,73,Mechanical,4th Year,1
9.09,7,2025,7,5,6,0,88,Information Technology,4th Year,1
7.47,7,2025,8,1,3,1,78,Information Technology,4th Year,1
8.96,6,2025,5,2,2,0,54,Computer Science,3rd Year,1
5.85,7,2025,4,4,1,0,60,Computer Science,4th Year,1
6.94,7,2025,8,4,2,1,63,Electronics & Comm,4th Year,1
7.61,6,2025,2,4,1,1,60,Computer Science,3rd Year,1
7.65,7,2025,7,6,1,2,92,Computer Science,4th Year,1
7.1,7,2025,8,3,3,2,41,Computer Science,4th Year,1
8.29,8,2024,9,4,3,3,79,Information Technology,4th Year,1
6.43,8,2024,7,4,6,1,50,Information Technology,4th Year,1
7.44,8,2024,6,1,3,0,55,Information Technology,4th Year,1
7.73,8,2024,5,2,1,1,39,Information Technology,4th Year,1
8.17,7,2025,6,1,4,1,61,Computer Science,4th Year,1
8.38,8,2024,6,2,3,1,92,Information Technology,4th Year,1
6.36,8,2024,8,1,2,1,73,Mechanical,4th Year,1
5.91,6,2025,5,8,6,1,52,Computer Science,3rd Year,1
9.01,7,2025,6,2,1,1,85,Information Technology,4th Year,1
7.97,8,2024,2,2,0,0,88,Information Technology,4th Year,1
6.78,7,2025,3,6,1,0,71,Electronics & Comm,4th Year,1
9.31,7,2025,6,2,2,0,100,Computer Science,4th Year,1
7.73,7,2025,7,2,5,0,82,Mechanical,4th Year,1
8.9,6,2025,6,0,1,2,80,Information Technology,3rd Year,1
7.67,7,2025,9,1,2,0,57,Electronics & Comm,4th Year,1
9.87,7,2025,5,1,1,2,79,Computer Science,4th Year,1
9.53,6,2025,6,4,2,1,73,Electronics & Comm,3rd Year,1
7.33,6,2025,6,2,1,0,77,Electronics & Comm,3rd Year,1
8.67,8,2024,8,5,0,2,59,Computer Science,4th Year,1
8.31,7,2025,6,3,1,1,71,Computer Science,4th Year,1
9.11,7,2025,8,3,4,0,57,Information Technology,4th Year,1
6.54,7,2025,3,5,0,2,37,Computer Science,4th Year,1
8.35,8,2024,5,3,2,0,84,Electronics & Comm,4th Year,1
8.76,7,2025,6,3,3,0,47,Computer Science,4th Year,1
5.67,7,2025,5,5,1,2,71,Computer Science,4th Year,1
6.3,8,2024,12,4,2,1,74,Information Technology,4th Year,1
5.36,8,2024,10,1,3,1,74,Computer Science,4th Year,1
7.3,6,2025,6,4,4,0,65,Electrical,3rd Year,1
8.39,8,2024,4,3,3,2,74,Mechanical,4th Year,1
9.25,7,2025,7,1,5,1,77,Information Technology,4th Year,1
7.68,7,2025,5,3,1,0,81,Electronics & Comm,4th Year,1
9.39,6,2025,9,2,2,1,96,Mechanical,3rd Year,1
6.08,6,2025,5,3,2,2,73,Computer Science,3rd Year,1
5.73,8,2024,8,1,2,0,70,Electronics & Comm,4th Year,0
7.54,7,2025,4,1,3,2,56,Computer Science,4th Year,1
8.02,7,2025,7,2,2,1,76,Computer Science,4th Year,1
7.56,8,2024,11,4,2,1,80,Information Technology,4th Year,1
5.33,8,2024,3,2,5,2,67,Electronics & Comm,4th Year,0
7.5,6,2025,6,2,2,3,78,Computer Science,3rd Year,1
6.17,8,2024,6,4,2,0,65,Computer Science,4th Year,0
8.34,6,2025,4,2,3,0,80,Information Technology,3rd Year,1
8.0,8,2024,7,3,1,2,83,Computer Science,4th Year,1
6.57,8,2024,8,4,3,1,83,Electronics & Comm,4th Year,1
7.03,8,2024,9,5,1,1,71,Information Technology,4th Year,1
6.43,6,2025,7,3,2,1,54,Computer Science,3rd Year,1
7.53,6,2025,6,2,2,2,60,Computer Science,3rd Year,1
8.65,7,2025,7,5,2,2,78,Information Technology,4th Year,1
6.52,7,2025,6,4,2,2,100,Information Technology,4th Year,1
8.15,7,2025,5,1,5,1,64,Computer Science,4th Year,1
7.02,8,2024,6,5,3,1,76,Computer Science,4th Year,1
6.73,7,2025,7,2,0,1,61,Computer Science,4th Year,1
7.48,7,2025,4,3,1,1,55,Computer Science,4th Year,1
6.46,8,2024,1,2,1,1,59,Information Technology,4th Year,0
6.99,7,2025,6,8,0,1,38,Electronics & Comm,4th Year,1
6.28,8,2024,10,4,2,0,90,Information Technology,4th Year,1
9.76,6,2025,8,3,4,1,36,Electronics & Comm,3rd Year,1
7.64,7,2025,4,4,3,1,66,Computer Science,4th Year,1
6.83,6,2025,3,5,0,2,52,Computer Science,3rd Year,1
7.84,6,2025,1,3,1,1,56,Information Technology,3rd Year,1
7.48,8,2024,5,1,3,0,90,Information Technology,4th Year,1
7.36,6,2025,6,2,3,1,73,Information Technology,3rd Year,1
8.28,7,2025,5,3,2,2,55,Electronics & Comm,4th Year,1
8.43,7,2025,8,2,1,1,61,Information Technology,4th Year,1
7.02,7,2025,5,4,1,1,58,Computer Science,4th Year,1
6.97,8,2024,5,5,0,1,69,Information Technology,4th Year,1
7.3,6,2025,5,0,3,0,72,Electronics & Comm,3rd Year,1
5.07,8,2024,6,2,2,2,98,Electrical,4th Year,1
5.93,8,2024,6,3,2,0,41,Information Technology,4th Year,0
9.1,7,2025,9,4,3,1,69,Information Technology,4th Year,1
9.41,8,2024,8,2,1,0,65,Information Technology,4th Year,1
7.33,6,2025,6,0,1,0,84,Mechanical,3rd Year,1
8.23,7,2025,3,2,3,1,75,Electrical,4th Year,1
7.94,7,2025,7,1,3,1,78,Electronics & Comm,4th Year,1
9.9,8,2024,5,4,3,1,75,Information Technology,4th Year,1
8.83,8,2024,6,1,1,2,56,Computer Science,4th Year,1
7.46,7,2025,7,2,0,2,88,Electronics & Comm,4th Year,1
6.55,8,2024,3,1,3,1,81,Electronics & Comm,4th Year,1
5.83,6,2025,11,4,2,1,83,Electronics & Comm,3rd Year,1
7.82,7,2025,1,1,2,1,88,Computer Science,4th Year,1
6.77,7,2025,7,2,3,1,76,Information Technology,4th Year,1
6.04,8,2024,3,4,2,1,92,Computer Science,4th Year,1
6.89,8,2024,7,3,6,2,75,Electronics & Comm,4th Year,1
6.41,7,2025,9,8,1,0,66,Computer Science,4th Year,1
9.46,6,2025,2,1,3,2,69,Information Technology,3rd Year,1
8.57,6,2025,6,0,3,0,69,Computer Science,3rd Year,1
7.59,7,2025,5,1,1,1,62,Computer Science,4th Year,1
9.23,7,2025,3,2,1,1,94,Information Technology,4th Year,1
7.69,8,2024,6,1,1,1,74,Computer Science,4th Year,1
6.65,7,2025,4,0,1,0,71,Information Technology,4th Year,0
9.28,7,2025,6,5,3,2,75,Mechanical,4th Year,1
8.19,6,2025,7,5,2,2,100,Electrical,3rd Year,1
6.46,8,2024,7,7,2,1,53,Computer Science,4th Year,1
7.39,8,2024,3,2,0,1,57,Electronics & Comm,4th Year,1
6.64,6,2025,6,4,1,2,49,Computer Science,3rd Year,1
6.08,8,2024,5,6,5,2,66,Mechanical,4th Year,1
8.62,7,2025,8,3,0,1,73,Electronics & Comm,4th Year,1
9.7,6,2025,11,7,2,1,63,Computer Science,3rd Year,1
6.06,7,2025,5,3,5,1,61,Computer Science,4th Year,1
8.22,7,2025,2,4,1,1,72,Computer Science,4th Year,1
6.88,6,2025,7,2,1,1,62,Electronics & Comm,3rd Year,1
7.06,8,2024,8,3,2,1,74,Computer Science,4th Year,1
6.95,8,2024,5,2,1,0,86,Information Technology,4th Year,1
6.65,8,2024,9,2,0,1,80,Information Technology,4th Year,1
7.65,7,2025,8,5,3,1,83,Electrical,4th Year,1
6.69,7,2025,6,2,0,2,86,Mechanical,4th Year,1
7.9,8,2024,7,3,1,3,74,Computer Science,4th Year,1
7.54,7,2025,7,4,2,1,67,Electronics & Comm,4th Year,1
7.34,6,2025,5,1,2,1,58,Electronics & Comm,3rd Year,1
6.6,7,2025,4,1,0,0,64,Mechanical,4th Year,0
6.97,8,2024,6,3,3,1,62,Computer Science,4th Year,1
8.43,7,2025,7,3,2,0,80,Computer Science,4th Year,1
8.15,6,2025,4,3,0,1,75,Computer Science,3rd Year,1
6.52,8,2024,6,3,3,1,80,Computer Science,4th Year,1
7.71,7,2025,5,1,3,1,52,Computer Science,4th Year,1
8.43,7,2025,7,3,2,0,91,Information Technology,4th Year,1
5.76,6,2025,8,3,4,2,63,Information Technology,3rd Year,1
8.2,7,2025,3,0,1,1,53,Information Technology,4th Year,1
6.87,8,2024,6,2,2,0,63,Information Technology,4th Year,1
8.23,7,2025,10,1,3,0,100,Computer Science,4th Year,1
6.76,7,2025,5,3,2,0,64,Mechanical,4th Year,1
5.61,8,2024,5,2,4,0,65,Mechanical,4th Year,0
5.81,8,2024,7,1,1,2,67,Information Technology,4th Year,1
7.65,8,2024,6,3,1,1,67,Mechanical,4th Year,1
7.89,7,2025,8,3,5,2,58,Computer Science,4th Year,1
6.61,7,2025,3,4,3,0,72,Electronics & Comm,4th Year,1
8.3,8,2024,5,1,2,1,86,Computer Science,4th Year,1
5.77,8,2024,9,1,5,1,74,Computer Science,4th Year,1
7.53,6,2025,6,7,4,1,53,Computer Science,3rd Year,1
6.27,6,2025,11,1,4,1,64,Information Technology,3rd Year,1
6.88,7,2025,5,5,5,2,61,Computer Science,4th Year,1
7.65,8,2024,7,0,3,0,70,Information Technology,4th Year,1
6.65,7,2025,5,7,3,1,89,Computer Science,4th Year,1
7.18,7,2025,4,3,1,2,67,Mechanical,4th Year,1
8.71,6,2025,1,1,5,0,68,Information Technology,3rd Year,1
6.97,8,2024,10,4,6,0,96,Computer Science,4th Year,1
8.52,8,2024,7,5,0,0,83,Computer Science,4th Year,1
6.36,7,2025,2,2,2,1,78,Electronics & Comm,4th Year,1
8.18,8,2024,6,1,0,0,99,Computer Science,4th Year,1
9.19,8,2024,6,2,0,0,77,Information Technology,4th Year,1
5.0,7,2025,7,6,2,1,40,Information Technology,4th Year,0
6.72,7,2025,4,1,0,1,82,Computer Science,4th Year,1
8.23,7,2025,6,4,2,0,46,Computer Science,4th Year,1
7.38,8,2024,4,4,2,1,76,Information Technology,4th Year,1
8.01,7,2025,5,2,3,1,44,Computer Science,4th Year,1
6.94,8,2024,5,1,1,2,62,Computer Science,4th Year,1
7.7,8,2024,8,0,1,1,64,Computer Science,4th Year,1
7.43,7,2025,4,2,0,2,58,Computer Science,4th Year,1
8.88,8,2024,5,4,4,1,64,Computer Science,4th Year,1
7.88,7,2025,8,4,1,0,85,Electrical,4th Year,1
7.97,6,2025,6,3,1,1,59,Information Technology,3rd Year,1
7.15,8,2024,5,5,2,2,78,Electronics & Comm,4th Year,1
7.06,8,2024,5,5,0,1,55,Computer Science,4th Year,1
7.12,7,2025,9,2,2,2,67,Computer Science,4th Year,1
8.03,8,2024,8,2,2,3,74,Electronics & Comm,4th Year,1
7.14,8,2024,8,4,2,0,55,Information Technology,4th Year,1
7.92,7,2025,4,1,0,0,50,Computer Science,4th Year,0
9.88,8,2024,9,4,4,0,77,Computer Science,4th Year,1
8.56,6,2025,4,5,5,1,86,Information Technology,3rd Year,1
7.24,7,2025,7,3,2,0,68,Electronics & Comm,4th Year,1
8.92,6,2025,4,3,1,2,63,Computer Science,3rd Year,1
7.15,8,2024,4,4,1,0,72,Information Technology,4th Year,1
5.36,8,2024,10,1,2,1,70,Electronics & Comm,4th Year,1
6.49,6,2025,8,3,1,0,73,Electrical,3rd Year,1
5.54,7,2025,6,4,2,2,32,Electronics & Comm,4th Year,1
7.21,8,2024,6,3,3,1,53,Computer Science,4th Year,1
7.62,6,2025,5,1,2,2,57,Electronics & Comm,3rd Year,1
9.44,8,2024,5,4,2,3,72,Electronics & Comm,4th Year,1
7.96,8,2024,4,2,1,1,72,Electronics & Comm,4th Year,1
7.36,7,2025,7,4,5,0,79,Electronics & Comm,4th Year,1
8.51,8,2024,3,1,0,0,73,Mechanical,4th Year,1
5.17,7,2025,7,4,3,0,50,Computer Science,4th Year,0
7.86,8,2024,7,2,0,1,91,Computer Science,4th Year,1
8.45,8,2024,8,4,2,0,89,Electronics & Comm,4th Year,1
5.97,8,2024,11,2,3,0,51,Computer Science,4th Year,0
8.86,6,2025,6,7,2,1,74,Computer Science,3rd Year,1
7.97,8,2024,3,3,2,1,61,Computer Science,4th Year,1
7.14,7,2025,8,2,2,1,72,Electronics & Comm,4th Year,1
8.3,6,2025,3,2,3,1,85,Computer Science,3rd Year,1
9.9,6,2025,10,3,2,2,100,Information Technology,3rd Year,1
7.8,7,2025,6,2,0,1,81,Computer Science,4th Year,1
7.87,7,2025,7,0,1,0,74,Computer Science,4th Year,1
7.09,8,2024,3,0,4,2,64,Computer Science,4th Year,0
6.67,8,2024,4,4,2,2,72,Computer Science,4th Year,1
8.51,6,2025,6,3,2,0,90,Electronics & Comm,3rd Year,1
6.66,8,2024,6,2,1,1,69,Mechanical,4th Year,1
7.68,6,2025,6,0,1,1,56,Electronics & Comm,3rd Year,1
7.07,8,2024,6,3,2,0,45,Computer Science,4th Year,1
8.13,8,2024,7,8,1,2,77,Information Technology,4th Year,1
7.97,7,2025,7,3,1,1,73,Computer Science,4th Year,1
8.74,8,2024,3,5,3,2,60,Computer Science,4th Year,1
7.04,7,2025,3,7,3,1,85,Information Technology,4th Year,1
7.3,7,2025,3,4,1,1,63,Electronics & Comm,4th Year,1
6.52,8,2024,7,4,3,0,67,Computer Science,4th Year,1
7.11,7,2025,6,1,3,0,69,Computer Science,4th Year,1
8.02,7,2025,4,2,2,0,64,Mechanical,4th Year,1
8.43,7,2025,6,3,1,0,73,Computer Science,4th Year,1
6.59,8,2024,9,4,3,1,87,Mechanical,4th Year,1
8.56,7,2025,5,2,2,2,52,Electrical,4th Year,1
9.09,6,2025,3,2,2,1,77,Information Technology,3rd Year,1
8.05,8,2024,11,0,2,2,72,Computer Science,4th Year,1
9.66,8,2024,6,2,3,1,72,Electronics & Comm,4th Year,1
6.75,6,2025,6,2,1,2,83,Computer Science,3rd Year,1
6.23,7,2025,8,2,3,3,70,Computer Science,4th Year,1
5.64,6,2025,3,4,1,0,77,Electronics & Comm,3rd Year,1
9.25,7,2025,7,2,5,2,80,Computer Science,4th Year,1
8.32,7,2025,6,4,2,1,62,Computer Science,4th Year,1
7.54,8,2024,5,3,1,2,74,Information Technology,4th Year,1
7.91,8,2024,5,1,2,1,66,Electronics & Comm,4th Year,1
6.36,8,2024,8,3,2,1,68,Computer Science,4th Year,1
9.9,7,2025,7,6,1,0,65,Computer Science,4th Year,1
7.74,8,2024,8,4,0,0,77,Computer Science,4th Year,1
7.72,7,2025,3,2,2,1,71,Computer Science,4th Year,1
8.4,8,2024,7,6,3,3,75,Electronics & Comm,4th Year,1
8.13,8,2024,8,3,1,2,69,Electronics & Comm,4th Year,1
7.85,6,2025,4,2,2,1,45,Information Technology,3rd Year,1
6.73,8,2024,4,5,4,2,70,Computer Science,4th Year,1
8.12,7,2025,8,4,2,2,70,Computer Science,4th Year,1
9.67,8,2024,4,2,2,1,73,Computer Science,4th Year,1
9.08,6,2025,6,4,2,0,61,Computer Science,3rd Year,1
9.35,6,2025,2,2,2,0,52,Computer Science,3rd Year,1
7.04,8,2024,4,1,3,2,79,Computer Science,4th Year,1
6.51,7,2025,4,3,2,2,65,Computer Science,4th Year,1
7.46,8,2024,6,2,1,1,72,Electronics & Comm,4th Year,1
7.66,7,2025,8,3,2,1,65,Electronics & Comm,4th Year,1
8.8,8,2024,6,5,2,2,69,Information Technology,4th Year,1
5.74,8,2024,7,3,1,2,63,Computer Science,4th Year,1
9.28,7,2025,9,2,2,2,55,Mechanical,4th Year,1
7.43,7,2025,10,0,0,1,77,Electrical,4th Year,1
7.13,7,2025,6,2,4,0,60,Computer Science,4th Year,1
6.49,6,2025,8,2,3,1,72,Electronics & Comm,3rd Year,1
5.78,7,2025,8,5,2,0,76,Electronics & Comm,4th Year,1
8.51,8,2024,8,1,5,2,61,Information Technology,4th Year,1
7.68,8,2024,6,1,4,1,51,Computer Science,4th Year,1
6.18,8,2024,6,2,2,2,100,Information Technology,4th Year,1
6.18,8,2024,4,2,1,1,62,Information Technology,4th Year,1
7.23,8,2024,10,3,0,2,79,Computer Science,4th Year,1
9.44,8,2024,3,1,0,1,99,Mechanical,4th Year,1
7.31,7,2025,4,2,2,1,81,Electronics & Comm,4th Year,1
5.95,8,2024,8,1,0,1,65,Computer Science,4th Year,1
7.33,8,2024,7,0,4,0,68,Information Technology,4th Year,1
7.3,7,2025,4,4,1,2,57,Information Technology,4th Year,1
5.0,6,2025,5,2,2,1,83,Computer Science,3rd Year,1
7.54,7,2025,4,3,3,1,78,Computer Science,4th Year,1
7.35,7,2025,4,4,2,2,62,Mechanical,4th Year,1
8.37,8,2024,7,4,5,2,54,Information Technology,4th Year,1
9.63,7,2025,5,6,1,1,50,Computer Science,4th Year,1
8.84,7,2025,5,3,0,2,84,Computer Science,4th Year,1
7.3,8,2024,6,4,3,0,71,Information Technology,4th Year,1
6.38,6,2025,6,1,2,0,73,Information Technology,3rd Year,1
9.9,7,2025,5,4,3,1,57,Computer Science,4th Year,1
7.67,6,2025,3,5,2,1,48,Information Technology,3rd Year,1
7.62,8,2024,6,0,0,1,84,Computer Science,4th Year,1
7.57,8,2024,5,1,2,1,70,Computer Science,4th Year,1
7.82,7,2025,5,5,1,1,83,Information Technology,4th Year,1
7.44,8,2024,8,5,3,2,64,Computer Science,4th Year,1
6.97,7,2025,5,5,3,1,66,Mechanical,4th Year,1
7.0,8,2024,9,3,1,3,80,Computer Science,4th Year,1
7.56,8,2024,9,3,0,2,80,Information Technology,4th Year,1
7.0,8,2024,3,5,3,0,81,Computer Science,4th Year,1
6.82,6,2025,5,4,1,0,65,Computer Science,3rd Year,1
7.72,8,2024,7,2,6,1,79,Electronics & Comm,4th Year,1
7.32,8,2024,4,1,2,2,86,Information Technology,4th Year,1
9.25,7,2025,4,3,1,0,68,Electronics & Comm,4th Year,1
5.0,8,2024,5,3,2,0,62,Information Technology,4th Year,0
8.8,7,2025,8,5,2,2,90,Information Technology,4th Year,1
8.97,8,2024,4,5,0,1,60,Electronics & Comm,4th Year,1
5.32,6,2025,6,4,3,0,79,Information Technology,3rd Year,1
7.22,8,2024,6,2,1,0,69,Information Technology,4th Year,1
7.19,7,2025,3,1,2,2,42,Electronics & Comm,4th Year,1
6.05,6,2025,3,4,2,2,86,Mechanical,3rd Year,1
6.74,7,2025,6,2,3,0,28,Computer Science,4th Year,0
6.38,6,2025,7,2,1,1,40,Information Technology,3rd Year,0
9.53,7,2025,6,3,1,2,77,Computer Science,4th Year,1
8.63,7,2025,7,1,2,2,77,Computer Science,4th Year,1
9.0,7,2025,5,3,1,2,60,Computer Science,4th Year,1
8.39,7,2025,6,3,3,1,72,Electronics & Comm,4th Year,1
6.36,7,2025,7,8,1,2,32,Information Technology,4th Year,1
7.02,8,2024,4,2,4,1,80,Electronics & Comm,4th Year,1
8.14,6,2025,5,2,0,0,73,Computer Science,3rd Year,1
6.26,8,2024,8,3,2,1,69,Information Technology,4th Year,1
8.38,8,2024,6,8,5,1,70,Mechanical,4th Year,1
7.34,8,2024,9,3,3,2,77,Computer Science,4th Year,1
7.19,7,2025,2,2,3,0,69,Computer Science,4th Year,0
8.38,8,2024,8,2,2,2,41,Computer Science,4th Year,1
8.09,6,2025,5,2,4,1,100,Electronics & Comm,3rd Year,1
7.2,6,2025,9,2,3,1,88,Information Technology,3rd Year,1
8.88,7,2025,9,2,0,0,50,Information Technology,4th Year,1
6.41,8,2024,4,4,1,1,64,Information Technology,4th Year,1
8.28,6,2025,2,1,6,1,66,Computer Science,3rd Year,1
8.25,7,2025,6,0,4,1,86,Electronics & Comm,4th Year,1
7.26,8,2024,6,2,5,0,37,Computer Science,4th Year,1
7.96,8,2024,7,7,3,1,62,Computer Science,4th Year,1
6.22,7,2025,8,2,3,2,43,Information Technology,4th Year,1
8.62,6,2025,5,2,0,1,65,Electronics & Comm,3rd Year,1
7.4,8,2024,8,3,2,0,62,Electronics & Comm,4th Year,1
7.03,7,2025,10,3,2,1,71,Electronics & Comm,4th Year,1
8.75,6,2025,5,2,3,2,60,Computer Science,3rd Year,1
6.83,6,2025,3,4,1,1,58,Computer Science,3rd Year,1
6.05,8,2024,5,5,5,0,79,Computer Science,4th Year,1
5.89,8,2024,3,4,6,2,76,Mechanical,4th Year,1
8.27,8,2024,8,2,3,1,78,Mechanical,4th Year,1
6.19,8,2024,9,5,2,0,67,Electrical,4th Year,1
9.53,7,2025,7,2,4,3,61,Computer Science,4th Year,1
5.31,7,2025,7,2,1,1,68,Information Technology,4th Year,0
9.47,7,2025,6,4,0,1,77,Information Technology,4th Year,1
7.83,7,2025,9,4,2,1,37,Electronics & Comm,4th Year,1
7.49,7,2025,5,2,2,2,75,Information Technology,4th Year,1
7.0,8,2024,5,6,0,0,74,Electronics & Comm,4th Year,1
8.04,8,2024,5,3,2,1,70,Computer Science,4th Year,1
7.56,8,2024,6,7,0,0,67,Computer Science,4th Year,1
8.81,7,2025,2,1,1,2,31,Computer Science,4th Year,1
7.73,8,2024,6,1,0,1,63,Computer Science,4th Year,1
7.77,8,2024,6,2,2,1,96,Computer Science,4th Year,1
7.2,7,2025,5,0,1,0,70,Computer Science,4th Year,1
7.54,8,2024,7,4,1,1,65,Computer Science,4th Year,1
7.94,7,2025,6,5,0,2,70,Information Technology,4th Year,1
5.72,7,2025,5,2,0,1,75,Mechanical,4th Year,1
6.12,6,2025,3,1,1,2,79,Electronics & Comm,3rd Year,1
8.42,7,2025,5,2,0,1,66,Computer Science,4th Year,1
7.79,7,2025,5,8,6,2,76,Computer Science,4th Year,1
7.4,8,2024,5,3,1,0,95,Computer Science,4th Year,1
7.62,8,2024,4,2,4,1,85,Electrical,4th Year,1
7.98,8,2024,4,6,2,3,100,Information Technology,4th Year,1
7.01,8,2024,4,5,4,3,60,Computer Science,4th Year,1
6.74,7,2025,3,1,2,1,95,Electronics & Comm,4th Year,1
7.82,8,2024,9,1,2,1,58,Computer Science,4th Year,1
6.52,6,2025,6,4,2,0,75,Mechanical,3rd Year,1
8.05,7,2025,6,0,4,2,80,Computer Science,4th Year,1
5.73,7,2025,8,1,1,1,62,Computer Science,4th Year,0
8.73,7,2025,1,1,2,1,71,Information Technology,4th Year,1
8.12,6,2025,7,2,3,0,83,Mechanical,3rd Year,1
7.88,6,2025,2,6,5,2,59,Mechanical,3rd Year,1
8.68,7,2025,1,2,1,1,95,Information Technology,4th Year,1
9.43,8,2024,6,8,2,1,49,Computer Science,4th Year,1
8.72,7,2025,7,2,0,1,99,Computer Science,4th Year,1
5.58,7,2025,2,1,3,0,85,Electrical,4th Year,0
6.19,6,2025,6,3,3,1,68,Information Technology,3rd Year,1
6.91,8,2024,6,2,0,2,63,Electronics & Comm,4th Year,1
7.63,7,2025,7,2,1,2,62,Computer Science,4th Year,1
8.17,7,2025,5,1,0,1,67,Information Technology,4th Year,1
6.8,7,2025,5,4,0,2,69,Computer Science,4th Year,1
7.81,6,2025,3,3,1,1,88,Electronics & Comm,3rd Year,1
6.77,6,2025,6,1,3,0,99,Mechanical,3rd Year,1
6.93,7,2025,9,2,2,3,72,Information Technology,4th Year,1
6.05,6,2025,7,2,5,1,57,Information Technology,3rd Year,1
6.58,6,2025,7,2,2,1,61,Computer Science,3rd Year,1
6.11,7,2025,6,4,2,3,67,Computer Science,4th Year,1
6.53,8,2024,3,8,2,0,54,Mechanical,4th Year,1
8.76,7,2025,3,5,1,2,52,Computer Science,4th Year,1
6.56,7,2025,5,2,2,2,100,Electronics & Comm,4th Year,1
9.9,7,2025,8,4,1,1,74,Electronics & Comm,4th Year,1
8.14,8,2024,9,2,0,0,57,Electronics & Comm,4th Year,1
7.8,7,2025,4,3,4,1,82,Mechanical,4th Year,1
6.66,6,2025,5,3,1,0,52,Information Technology,3rd Year,1
8.37,8,2024,6,6,3,1,53,Mechanical,4th Year,1
6.97,6,2025,10,7,1,2,57,Computer Science,3rd Year,1
7.73,7,2025,8,3,2,1,94,Information Technology,4th Year,1
9.9,7,2025,5,3,2,1,66,Electronics & Comm,4th Year,1
7.49,8,2024,6,2,1,1,33,Computer Science,4th Year,1
8.86,7,2025,4,2,2,1,88,Electronics & Comm,4th Year,1
6.83,8,2024,5,1,0,2,65,Electronics & Comm,4th Year,1
7.56,8,2024,7,4,2,1,42,Electronics & Comm,4th Year,1
9.55,6,2025,3,3,1,2,65,Computer Science,3rd Year,1
6.91,7,2025,9,1,1,1,77,Information Technology,4th Year,1
9.59,7,2025,6,4,0,1,76,Computer Science,4th Year,1
8.38,7,2025,5,1,3,1,96,Electronics & Comm,4th Year,1
6.98,7,2025,8,5,1,1,57,Information Technology,4th Year,1
8.3,8,2024,7,4,2,1,70,Information Technology,4th Year,1
8.67,8,2024,8,3,1,0,59,Computer Science,4th Year,1
8.28,8,2024,5,5,5,2,46,Computer Science,4th Year,1
5.87,7,2025,4,0,1,1,83,Computer Science,4th Year,0
6.8,8,2024,9,1,4,2,76,Computer Science,4th Year,1
7.33,8,2024,7,1,1,0,74,Information Technology,4th Year,1
7.52,8,2024,4,4,0,1,76,Electronics & Comm,4th Year,1
8.28,6,2025,6,2,3,0,59,Computer Science,3rd Year,1
7.8,8,2024,7,6,3,0,54,Computer Science,4th Year,1
6.13,6,2025,4,1,2,2,70,Information Technology,3rd Year,1
8.02,7,2025,7,4,3,0,87,Electronics & Comm,4th Year,1
8.27,6,2025,3,4,2,1,94,Computer Science,3rd Year,1
8.22,8,2024,4,1,2,0,81,Computer Science,4th Year,1
8.79,8,2024,7,2,1,1,70,Computer Science,4th Year,1
8.52,6,2025,5,3,2,2,74,Computer Science,3rd Year,1
8.11,7,2025,6,8,3,1,70,Computer Science,4th Year,1
7.52,7,2025,3,0,1,2,54,Computer Science,4th Year,1
5.77,7,2025,4,1,2,1,70,Electronics & Comm,4th Year,0
8.07,6,2025,6,3,2,2,49,Information Technology,3rd Year,1
7.83,7,2025,6,1,2,1,68,Computer Science,4th Year,1
7.9,8,2024,5,4,2,1,94,Information Technology,4th Year,1
6.2,6,2025,6,4,1,1,82,Information Technology,3rd Year,1
6.41,6,2025,9,0,2,2,56,Mechanical,3rd Year,1
8.76,7,2025,7,1,0,1,68,Computer Science,4th Year,1
7.56,8,2024,4,6,3,1,57,Electronics & Comm,4th Year,1
8.35,8,2024,6,5,3,1,69,Electronics & Comm,4th Year,1
7.63,8,2024,6,2,1,0,85,Computer Science,4th Year,1
7.63,7,2025,7,3,3,2,79,Mechanical,4th Year,1
8.63,7,2025,4,7,6,1,100,Information Technology,4th Year,1
7.03,6,2025,5,1,4,1,87,Information Technology,3rd Year,1
7.71,8,2024,5,4,1,1,73,Computer Science,4th Year,1
7.09,8,2024,5,3,1,0,80,Computer Science,4th Year,1
7.12,8,2024,3,2,0,2,66,Information Technology,4th Year,1
7.26,8,2024,7,2,0,2,53,Computer Science,4th Year,1
7.84,8,2024,5,3,2,2,89,Information Technology,4th Year,1
7.07,6,2025,12,6,1,1,85,Computer Science,3rd Year,1
8.98,8,2024,5,4,2,1,66,Information Technology,4th Year,1
6.62,6,2025,6,1,5,2,74,Information Technology,3rd Year,1
7.39,7,2025,3,3,5,1,88,Computer Science,4th Year,1
7.12,6,2025,4,3,2,1,82,Information Technology,3rd Year,1
9.19,6,2025,6,1,3,2,48,Computer Science,3rd Year,1
7.82,7,2025,6,2,2,1,73,Computer Science,4th Year,1
8.74,7,2025,7,1,2,1,67,Computer Science,4th Year,1
5.97,7,2025,5,2,0,0,86,Computer Science,4th Year,0
7.89,7,2025,13,4,2,0,85,Computer Science,4th Year,1
8.58,6,2025,1,0,1,0,89,Mechanical,3rd Year,1
7.69,6,2025,6,2,4,2,53,Computer Science,3rd Year,1
8.77,7,2025,4,0,0,1,58,Computer Science,4th Year,1
7.03,7,2025,3,5,4,1,86,Computer Science,4th Year,1
9.15,8,2024,4,1,6,2,61,Computer Science,4th Year,1
9.9,8,2024,3,1,3,1,47,Information Technology,4th Year,1
7.2,8,2024,4,1,2,1,77,Computer Science,4th Year,1
7.11,8,2024,6,5,2,1,61,Information Technology,4th Year,1
9.2,7,2025,6,2,1,2,96,Computer Science,4th Year,1
9.34,8,2024,10,2,2,0,74,Electronics & Comm,4th Year,1
7.02,7,2025,6,2,2,0,72,Computer Science,4th Year,1
7.14,7,2025,6,1,2,0,64,Information Technology,4th Year,0
7.29,8,2024,3,2,2,0,93,Electronics & Comm,4th Year,1
6.12,7,2025,7,1,3,1,75,Computer Science,4th Year,1
6.59,8,2024,5,8,2,1,63,Electronics & Comm,4th Year,1
6.5,8,2024,7,8,1,0,58,Information Technology,4th Year,1
6.76,8,2024,3,3,2,1,68,Computer Science,4th Year,1
7.56,8,2024,8,3,2,0,55,Information Technology,4th Year,1
7.86,7,2025,8,5,3,0,85,Electrical,4th Year,1
9.31,7,2025,6,0,2,1,42,Information Technology,4th Year,1
6.5,7,2025,8,2,3,2,67,Mechanical,4th Year,1
8.68,7,2025,8,3,1,2,79,Computer Science,4th Year,1
7.36,8,2024,6,1,3,3,75,Information Technology,4th Year,1
7.55,8,2024,12,0,3,1,59,Mechanical,4th Year,1
8.34,8,2024,5,1,4,1,79,Computer Science,4th Year,1
6.37,7,2025,4,2,3,1,56,Electrical,4th Year,0
8.02,6,2025,10,0,2,1,69,Computer Science,3rd Year,1
7.78,7,2025,10,6,1,0,79,Mechanical,4th Year,1
8.14,6,2025,7,5,5,1,76,Computer Science,3rd Year,1
7.92,8,2024,6,3,0,1,59,Computer Science,4th Year,1
9.9,7,2025,1,3,0,1,87,Mechanical,4th Year,1
6.9,6,2025,4,1,3,1,71,Computer Science,3rd Year,1
7.02,6,2025,7,2,4,0,81,Computer Science,3rd Year,1
6.91,8,2024,9,6,2,1,92,Computer Science,4th Year,1
6.99,8,2024,5,2,5,0,86,Information Technology,4th Year,1
6.9,7,2025,4,5,1,3,86,Electrical,4th Year,1
8.91,6,2025,6,5,0,0,72,Computer Science,3rd Year,1
9.16,7,2025,4,2,3,0,81,Information Technology,4th Year,1
6.97,7,2025,6,5,2,2,73,Computer Science,4th Year,1
6.68,8,2024,3,5,2,1,51,Electronics & Comm,4th Year,1
8.12,8,2024,3,4,1,0,74,Computer Science,4th Year,1
6.99,7,2025,6,4,2,1,73,Computer Science,4th Year,1
8.3,7,2025,5,1,2,0,78,Computer Science,4th Year,1
7.82,8,2024,10,0,5,0,68,Information Technology,4th Year,1
5.93,7,2025,6,1,3,0,58,Mechanical,4th Year,0
9.3,8,2024,10,1,0,1,79,Information Technology,4th Year,1
9.58,6,2025,6,4,4,2,50,Computer Science,3rd Year,1
6.93,7,2025,6,1,1,1,91,Information Technology,4th Year,1
7.17,6,2025,4,4,5,1,66,Electronics & Comm,3rd Year,1
7.91,7,2025,4,3,1,0,73,Computer Science,4th Year,1
7.97,8,2024,2,1,5,1,78,Computer Science,4th Year,1
8.32,7,2025,6,7,1,2,78,Computer Science,4th Year,1
9.81,6,2025,3,2,1,0,48,Electronics & Comm,3rd Year,1
7.41,6,2025,7,7,3,2,82,Information Technology,3rd Year,1
6.72,7,2025,5,3,1,1,74,Information Technology,4th Year,1
6.08,6,2025,5,4,1,2,60,Computer Science,3rd Year,1
6.8,6,2025,7,3,2,1,58,Computer Science,3rd Year,1
7.56,8,2024,5,3,3,1,64,Electrical,4th Year,1
9.57,7,2025,4,2,1,2,50,Computer Science,4th Year,1
7.03,7,2025,8,3,4,2,95,Mechanical,4th Year,1
7.85,8,2024,5,3,0,0,92,Information Technology,4th Year,1
7.58,6,2025,5,4,2,3,76,Computer Science,3rd Year,1
8.91,8,2024,4,2,1,0,66,Information Technology,4th Year,1
9.9,7,2025,6,1,2,0,67,Mechanical,4th Year,1
7.02,8,2024,6,3,2,1,81,Computer Science,4th Year,1
7.06,8,2024,4,5,2,2,96,Mechanical,4th Year,1
8.75,8,2024,7,5,3,3,61,Computer Science,4th Year,1
8.35,8,2024,4,1,3,1,53,Information Technology,4th Year,1
9.63,7,2025,6,1,3,0,93,Electronics & Comm,4th Year,1
8.24,8,2024,8,5,2,1,43,Mechanical,4th Year,1
7.2,7,2025,4,2,4,1,54,Information Technology,4th Year,1
8.25,7,2025,3,8,3,1,66,Information Technology,4th Year,1
8.82,7,2025,7,1,6,1,46,Computer Science,4th Year,1
8.5,7,2025,4,5,3,0,86,Computer Science,4th Year,1
8.16,6,2025,8,7,1,1,82,Computer Science,3rd Year,1
8.77,7,2025,9,4,2,1,61,Computer Science,4th Year,1
8.89,7,2025,6,4,6,1,89,Computer Science,4th Year,1
9.12,8,2024,6,2,2,1,91,Computer Science,4th Year,1
8.31,8,2024,7,5,1,0,68,Electrical,4th Year,1
7.42,7,2025,11,4,5,0,63,Information Technology,4th Year,1
7.76,7,2025,3,7,3,0,100,Computer Science,4th Year,1
8.93,7,2025,8,3,5,0,80,Electrical,4th Year,1
6.7,6,2025,3,5,2,1,73,Computer Science,3rd Year,1
8.01,6,2025,4,5,0,3,90,Information Technology,3rd Year,1
7.17,7,2025,5,2,0,1,74,Information Technology,4th Year,1
7.63,7,2025,7,4,1,1,62,Computer Science,4th Year,1
9.01,8,2024,7,2,2,1,71,Electronics & Comm,4th Year,1
7.81,7,2025,5,4,3,1,85,Computer Science,4th Year,1
7.65,7,2025,10,0,2,2,40,Computer Science,4th Year,1
6.1,7,2025,3,3,2,3,65,Computer Science,4th Year,1
8.42,6,2025,2,5,3,1,90,Mechanical,3rd Year,1
8.31,7,2025,5,3,1,1,62,Information Technology,4th Year,1
9.9,8,2024,6,2,6,2,93,Information Technology,4th Year,1
7.26,7,2025,7,2,2,0,91,Information Technology,4th Year,1
7.84,7,2025,5,5,6,2,69,Computer Science,4th Year,1
7.87,8,2024,5,1,1,2,61,Information Technology,4th Year,1
9.34,8,2024,7,1,0,0,65,Computer Science,4th Year,1
7.5,8,2024,8,3,1,3,100,Computer Science,4th Year,1
7.91,7,2025,2,4,6,3,98,Information Technology,4th Year,1
8.27,8,2024,10,1,2,2,71,Computer Science,4th Year,1
7.81,7,2025,5,7,2,1,60,Computer Science,4th Year,1
7.11,7,2025,5,1,1,0,71,Electronics & Comm,4th Year,0
7.81,6,2025,7,2,1,1,73,Information Technology,3rd Year,1
8.78,7,2025,5,2,1,1,51,Information Technology,4th Year,1
6.47,7,2025,9,5,1,0,71,Computer Science,4th Year,1
7.75,7,2025,14,3,2,1,89,Computer Science,4th Year,1
6.83,8,2024,8,2,2,1,43,Information Technology,4th Year,1
8.91,8,2024,7,4,2,0,82,Electronics & Comm,4th Year,1
5.92,8,2024,5,2,0,1,90,Information Technology,4th Year,1
6.99,7,2025,10,2,1,0,61,Electrical,4th Year,1
8.01,8,2024,6,5,4,2,95,Electrical,4th Year,1
9.32,6,2025,3,2,5,1,59,Computer Science,3rd Year,1
7.53,8,2024,3,4,2,0,76,Electronics & Comm,4th Year,1
6.99,6,2025,6,0,4,3,65,Information Technology,3rd Year,1
9.67,8,2024,7,8,0,0,65,Information Technology,4th Year,1
6.01,7,2025,9,1,3,1,60,Computer Science,4th Year,0
5.18,8,2024,8,5,6,2,80,Information Technology,4th Year,1
8.08,8,2024,5,2,0,2,82,Mechanical,4th Year,1
7.05,6,2025,10,5,6,0,69,Electronics & Comm,3rd Year,1
6.48,7,2025,4,1,2,2,49,Electronics & Comm,4th Year,1
8.38,8,2024,7,4,3,2,76,Computer Science,4th Year,1
7.87,7,2025,5,3,3,1,76,Computer Science,4th Year,1
6.98,8,2024,6,3,0,1,66,Computer Science,4th Year,1
6.19,7,2025,7,2,1,0,98,Computer Science,4th Year,1
8.56,7,2025,4,2,1,1,46,Information Technology,4th Year,1
8.32,7,2025,7,2,1,1,36,Computer Science,4th Year,1
7.49,7,2025,4,5,2,2,59,Information Technology,4th Year,1
9.63,8,2024,9,4,6,1,80,Computer Science,4th Year,1
6.42,7,2025,10,2,2,1,54,Computer Science,4th Year,1
5.92,7,2025,4,4,3,0,55,Computer Science,4th Year,0
6.84,7,2025,5,6,2,0,84,Mechanical,4th Year,1
7.55,7,2025,8,6,6,0,76,Computer Science,4th Year,1
7.87,8,2024,10,2,3,0,75,Computer Science,4th Year,1
7.33,8,2024,8,1,1,1,81,Electronics & Comm,4th Year,1
7.99,7,2025,9,2,2,2,63,Electrical,4th Year,1
6.22,8,2024,8,2,2,1,64,Electronics & Comm,4th Year,1
9.19,8,2024,8,4,2,1,82,Computer Science,4th Year,1
7.51,7,2025,6,2,1,1,49,Computer Science,4th Year,1
8.83,8,2024,2,3,1,1,37,Electrical,4th Year,1
7.98,7,2025,9,3,1,1,63,Electronics & Comm,4th Year,1
8.1,6,2025,2,4,1,1,83,Information Technology,3rd Year,1
8.23,8,2024,2,2,2,1,73,Computer Science,4th Year,1
8.09,7,2025,4,2,2,0,82,Computer Science,4th Year,1
8.31,8,2024,4,2,2,0,39,Computer Science,4th Year,1
9.06,8,2024,5,1,0,1,74,Information Technology,4th Year,1
7.82,6,2025,6,4,2,2,79,Computer Science,3rd Year,1
8.38,8,2024,9,1,5,1,49,Electrical,4th Year,1
7.5,7,2025,6,4,2,2,82,Computer Science,4th Year,1
9.18,7,2025,4,7,2,1,68,Electronics & Comm,4th Year,1
6.86,8,2024,5,4,2,1,100,Computer Science,4th Year,1
9.58,8,2024,5,2,2,2,37,Information Technology,4th Year,1
7.56,6,2025,5,2,2,2,90,Computer Science,3rd Year,1
6.03,7,2025,12,6,4,0,64,Electronics & Comm,4th Year,1
7.74,8,2024,5,1,4,1,45,Information Technology,4th Year,1
6.85,8,2024,5,2,3,0,62,Computer Science,4th Year,1
8.52,8,2024,4,3,2,1,74,Electronics & Comm,4th Year,1
6.88,6,2025,7,2,1,2,85,Information Technology,3rd Year,1
7.11,7,2025,7,6,1,1,95,Mechanical,4th Year,1
5.52,7,2025,4,3,2,1,91,Mechanical,4th Year,1
7.1,8,2024,7,3,3,2,55,Mechanical,4th Year,1
5.0,7,2025,6,4,2,1,86,Computer Science,4th Year,1
5.86,7,2025,8,0,2,1,75,Computer Science,4th Year,0
8.44,8,2024,4,3,2,2,60,Electrical,4th Year,1
8.46,6,2025,4,4,4,1,66,Information Technology,3rd Year,1
8.07,8,2024,3,8,4,1,59,Computer Science,4th Year,1
6.54,8,2024,10,3,4,0,70,Electronics & Comm,4th Year,1
7.55,8,2024,9,1,4,0,59,Computer Science,4th Year,1
7.6,7,2025,2,4,1,1,54,Electronics & Comm,4th Year,1
6.33,6,2025,4,1,1,1,77,Electronics & Comm,3rd Year,0
9.25,8,2024,5,3,0,3,79,Electronics & Comm,4th Year,1
8.57,8,2024,5,1,1,3,67,Computer Science,4th Year,1
7.36,8,2024,6,6,2,2,90,Computer Science,4th Year,1
7.63,6,2025,3,3,4,1,66,Computer Science,3rd Year,1
7.83,8,2024,5,3,2,3,65,Information Technology,4th Year,1
5.35,8,2024,10,5,2,1,79,Computer Science,4th Year,1
7.33,8,2024,5,6,4,1,68,Information Technology,4th Year,1
6.85,8,2024,4,1,1,1,71,Information Technology,4th Year,1
6.5,8,2024,6,3,1,0,32,Information Technology,4th Year,0
7.29,8,2024,3,2,3,0,70,Electronics & Comm,4th Year,1
9.58,6,2025,7,3,1,2,42,Information Technology,3rd Year,1
8.3,7,2025,4,3,2,1,51,Computer Science,4th Year,1
6.97,6,2025,7,3,1,1,49,Information Technology,3rd Year,1
8.23,7,2025,3,1,0,1,54,Electronics & Comm,4th Year,1
9.14,7,2025,6,1,4,2,61,Computer Science,4th Year,1
8.62,6,2025,6,1,1,1,62,Information Technology,3rd Year,1
7.67,7,2025,4,4,2,1,79,Computer Science,4th Year,1
6.89,6,2025,8,1,0,0,73,Computer Science,3rd Year,1
8.37,8,2024,9,2,1,1,41,Mechanical,4th Year,1
8.03,8,2024,1,1,1,3,71,Mechanical,4th Year,1
8.58,6,2025,6,3,0,1,74,Information Technology,3rd Year,1
8.3,8,2024,4,1,0,1,65,Electronics & Comm,4th Year,1
8.75,7,2025,9,2,4,1,69,Mechanical,4th Year,1
7.01,7,2025,6,2,1,2,72,Electrical,4th Year,1
9.05,6,2025,4,4,0,1,81,Information Technology,3rd Year,1
7.82,7,2025,6,3,0,1,46,Information Technology,4th Year,1
9.88,8,2024,3,1,4,1,66,Computer Science,4th Year,1
6.84,8,2024,6,4,4,0,92,Computer Science,4th Year,1
9.51,6,2025,10,2,2,2,91,Computer Science,3rd Year,1
7.82,6,2025,8,3,2,2,82,Electronics & Comm,3rd Year,1
6.88,7,2025,7,4,1,2,78,Electronics & Comm,4th Year,1
7.07,7,2025,2,2,1,2,94,Mechanical,4th Year,1
7.25,7,2025,2,3,1,2,98,Computer Science,4th Year,1
8.07,7,2025,9,4,5,1,68,Information Technology,4th Year,1
8.18,8,2024,9,2,0,2,55,Computer Science,4th Year,1
6.97,8,2024,10,2,5,1,65,Computer Science,4th Year,1
7.57,7,2025,10,3,1,0,100,Mechanical,4th Year,1
9.9,8,2024,3,8,1,1,46,Information Technology,4th Year,1
9.5,7,2025,8,5,0,3,62,Electronics & Comm,4th Year,1
8.08,7,2025,8,2,1,1,48,Computer Science,4th Year,1
7.64,7,2025,8,3,2,2,71,Computer Science,4th Year,1
7.73,8,2024,5,2,2,0,51,Information Technology,4th Year,1
8.27,8,2024,4,0,0,1,68,Computer Science,4th Year,1
6.47,8,2024,7,3,3,1,40,Computer Science,4th Year,1
7.32,7,2025,6,2,3,0,79,Computer Science,4th Year,1
5.76,8,2024,7,4,3,0,88,Information Technology,4th Year,1
8.04,6,2025,2,1,1,0,64,Electrical,3rd Year,1
8.31,8,2024,4,3,1,2,67,Electronics & Comm,4th Year,1
7.07,7,2025,2,3,2,0,67,Electrical,4th Year,1
9.33,7,2025,6,2,0,1,72,Electronics & Comm,4th Year,1
6.25,7,2025,4,2,2,0,69,Mechanical,4th Year,0
5.99,8,2024,8,4,2,1,81,Information Technology,4th Year,1
7.85,6,2025,1,3,1,1,88,Information Technology,3rd Year,1
8.75,8,2024,7,4,0,1,57,Computer Science,4th Year,1
9.45,7,2025,2,2,3,1,65,Electronics & Comm,4th Year,1
7.1,8,2024,6,2,2,0,83,Computer Science,4th Year,1
8.79,8,2024,6,2,1,2,48,Computer Science,4th Year,1
7.56,8,2024,8,6,1,2,40,Mechanical,4th Year,1
7.41,7,2025,5,0,1,0,73,Computer Science,4th Year,1
8.57,7,2025,8,2,0,1,77,Electrical,4th Year,1
8.32,6,2025,5,4,3,0,59,Electronics & Comm,3rd Year,1
5.87,8,2024,9,1,3,0,61,Computer Science,4th Year,0
9.22,7,2025,5,3,2,2,58,Information Technology,4th Year,1
9.12,7,2025,8,4,2,1,56,Electronics & Comm,4th Year,1
6.91,7,2025,2,2,1,0,80,Computer Science,4th Year,1
8.04,6,2025,3,2,6,1,52,Electronics & Comm,3rd Year,1
8.14,8,2024,2,3,1,3,66,Electronics & Comm,4th Year,1
7.89,6,2025,6,5,3,2,56,Computer Science,3rd Year,1
6.99,8,2024,9,4,1,2,48,Computer Science,4th Year,1
6.86,7,2025,5,2,2,1,83,Computer Science,4th Year,1
7.57,6,2025,1,1,1,1,62,Computer Science,3rd Year,0
8.89,7,2025,11,4,0,1,72,Computer Science,4th Year,1
8.2,6,2025,3,7,2,0,47,Electronics & Comm,3rd Year,1
7.19,7,2025,11,8,1,1,58,Computer Science,4th Year,1
8.45,8,2024,5,4,2,1,81,Mechanical,4th Year,1
5.0,6,2025,5,4,1,1,100,Computer Science,3rd Year,1
8.86,8,2024,4,2,3,2,40,Information Technology,4th Year,1
5.69,6,2025,10,3,1,0,66,Information Technology,3rd Year,1
7.2,7,2025,5,3,2,1,76,Mechanical,4th Year,1
6.37,8,2024,4,2,3,0,60,Information Technology,4th Year,1
6.18,7,2025,3,5,6,1,82,Computer Science,4th Year,1
8.88,6,2025,4,4,4,0,56,Mechanical,3rd Year,1
7.09,7,2025,7,2,2,0,72,Computer Science,4th Year,1
7.98,7,2025,3,5,2,1,62,Computer Science,4th Year,1
7.55,8,2024,4,2,0,1,88,Computer Science,4th Year,1
8.12,7,2025,10,3,2,1,59,Electronics & Comm,4th Year,1
7.68,8,2024,4,4,4,1,64,Computer Science,4th Year,1
6.19,8,2024,8,1,1,1,84,Information Technology,4th Year,1
8.7,7,2025,5,6,2,1,54,Information Technology,4th Year,1
7.06,8,2024,3,3,1,1,71,Mechanical,4th Year,1
5.89,7,2025,9,1,3,2,42,Computer Science,4th Year,1
7.13,8,2024,6,1,4,1,53,Computer Science,4th Year,1
9.25,6,2025,8,2,1,1,75,Computer Science,3rd Year,1
8.54,8,2024,5,2,1,2,55,Computer Science,4th Year,1
7.22,7,2025,4,2,2,2,61,Electronics & Comm,4th Year,1
7.22,7,2025,8,6,3,3,77,Information Technology,4th Year,1
7.25,8,2024,4,0,1,1,61,Electronics & Comm,4th Year,1
9.88,8,2024,7,4,3,1,82,Electronics & Comm,4th Year,1
8.02,6,2025,7,4,5,1,73,Mechanical,3rd Year,1
8.07,6,2025,6,5,4,1,76,Computer Science,3rd Year,1
8.73,8,2024,5,4,1,3,88,Electrical,4th Year,1
7.86,8,2024,9,3,2,1,74,Computer Science,4th Year,1
7.32,8,2024,7,3,1,2,93,Electronics & Comm,4th Year,1
7.38,8,2024,10,4,2,1,83,Information Technology,4th Year,1
7.52,8,2024,4,3,1,1,62,Electronics & Comm,4th Year,1
7.56,8,2024,2,5,1,2,89,Information Technology,4th Year,1
8.4,7,2025,9,2,5,2,73,Electronics & Comm,4th Year,1
7.66,6,2025,10,5,1,3,64,Mechanical,3rd Year,1
8.41,8,2024,7,1,3,2,74,Electronics & Comm,4th Year,1
7.51,8,2024,3,1,3,1,86,Electronics & Comm,4th Year,1
7.69,6,2025,6,3,4,1,76,Computer Science,3rd Year,1
5.4,7,2025,7,3,6,2,97,Computer Science,4th Year,1
8.61,8,2024,9,3,2,1,86,Electrical,4th Year,1
7.98,7,2025,4,3,4,0,77,Information Technology,4th Year,1
8.7,7,2025,8,1,2,1,54,Information Technology,4th Year,1
5.0,7,2025,10,4,2,1,67,Computer Science,4th Year,1
9.9,7,2025,9,7,2,0,71,Computer Science,4th Year,1
7.45,7,2025,8,2,1,2,80,Computer Science,4th Year,1
8.82,7,2025,7,1,1,0,79,Information Technology,4th Year,1
6.46,6,2025,6,4,6,1,72,Computer Science,3rd Year,1
8.27,8,2024,7,5,2,2,71,Computer Science,4th Year,1
6.44,7,2025,8,1,1,1,80,Information Technology,4th Year,1
6.91,8,2024,4,3,1,2,57,Information Technology,4th Year,1
9.71,8,2024,7,4,6,1,95,Computer Science,4th Year,1
7.39,7,2025,15,1,4,3,39,Information Technology,4th Year,1
7.84,8,2024,2,7,2,0,91,Mechanical,4th Year,1
8.56,7,2025,8,2,1,0,69,Information Technology,4th Year,1
8.15,8,2024,8,4,2,2,85,Mechanical,4th Year,1
7.77,7,2025,3,1,0,2,75,Mechanical,4th Year,1
8.0,8,2024,5,2,0,0,75,Computer Science,4th Year,1
9.9,8,2024,4,4,5,3,78,Computer Science,4th Year,1
7.54,7,2025,4,4,0,1,82,Information Technology,4th Year,1
7.82,6,2025,3,3,0,2,65,Information Technology,3rd Year,1
8.76,8,2024,4,5,4,1,85,Computer Science,4th Year,1
8.82,8,2024,6,1,1,1,53,Computer Science,4th Year,1
8.91,7,2025,11,5,2,1,69,Information Technology,4th Year,1
8.3,8,2024,4,3,3,1,82,Computer Science,4th Year,1
6.34,7,2025,6,1,3,1,84,Electrical,4th Year,1
9.4,8,2024,4,8,2,1,76,Computer Science,4th Year,1
6.34,6,2025,9,2,5,0,64,Mechanical,3rd Year,1
7.93,8,2024,8,1,3,0,83,Computer Science,4th Year,1
6.77,7,2025,3,4,0,0,59,Computer Science,4th Year,0
7.53,7,2025,13,2,5,2,96,Computer Science,4th Year,1
7.96,6,2025,7,5,2,1,68,Electrical,3rd Year,1
7.95,6,2025,9,2,3,2,46,Computer Science,3rd Year,1
8.06,7,2025,4,2,1,2,52,Information Technology,4th Year,1
9.38,7,2025,10,0,2,1,70,Mechanical,4th Year,1
8.1,8,2024,6,4,0,3,72,Information Technology,4th Year,1
7.33,6,2025,9,1,2,1,99,Computer Science,3rd Year,1
8.66,7,2025,9,3,1,0,54,Electrical,4th Year,1
8.91,7,2025,9,4,2,1,70,Mechanical,4th Year,1
6.25,6,2025,11,6,3,1,54,Computer Science,3rd Year,1
8.26,6,2025,4,4,2,2,62,Information Technology,3rd Year,1
8.37,7,2025,5,6,2,1,95,Electrical,4th Year,1
7.27,7,2025,2,4,1,1,52,Electrical,4th Year,1
9.11,7,2025,7,5,2,2,78,Computer Science,4th Year,1
7.43,7,2025,5,2,2,1,75,Electronics & Comm,4th Year,1
7.74,7,2025,8,4,4,0,69,Computer Science,4th Year,1
7.41,6,2025,5,4,1,1,77,Computer Science,3rd Year,1
7.62,7,2025,6,1,3,2,52,Computer Science,4th Year,1
6.39,8,2024,5,2,1,2,94,Computer Science,4th Year,1
6.02,7,2025,2,4,2,1,98,Information Technology,4th Year,1
9.35,8,2024,7,2,2,1,70,Information Technology,4th Year,1
6.67,7,2025,9,5,0,0,100,Computer Science,4th Year,1
6.51,8,2024,5,1,1,1,64,Computer Science,4th Year,1
5.23,8,2024,5,6,3,2,76,Computer Science,4th Year,1
6.9,7,2025,7,4,3,1,91,Electrical,4th Year,1
6.14,8,2024,4,0,2,0,63,Mechanical,4th Year,0
9.41,6,2025,9,5,1,2,49,Computer Science,3rd Year,1
8.71,6,2025,1,4,1,2,45,Mechanical,3rd Year,1
6.84,8,2024,9,5,0,1,100,Computer Science,4th Year,1
9.9,8,2024,1,1,1,0,62,Information Technology,4th Year,1
8.68,6,2025,6,1,2,0,67,Electrical,3rd Year,1
7.24,7,2025,5,2,0,0,53,Computer Science,4th Year,1
5.0,6,2025,5,0,3,1,84,Information Technology,3rd Year,0
9.9,7,2025,10,2,2,0,58,Computer Science,4th Year,1
6.07,8,2024,3,3,4,2,62,Computer Science,4th Year,1
5.79,7,2025,4,1,1,3,74,Information Technology,4th Year,1
8.72,7,2025,6,4,4,1,54,Electrical,4th Year,1
9.9,7,2025,10,3,2,1,67,Information Technology,4th Year,1
9.12,6,2025,8,3,1,1,91,Mechanical,3rd Year,1
8.22,7,2025,7,5,5,2,76,Mechanical,4th Year,1
8.25,8,2024,4,3,5,2,71,Computer Science,4th Year,1
8.54,8,2024,6,6,2,0,73,Computer Science,4th Year,1
8.43,8,2024,6,1,2,0,64,Information Technology,4th Year,1
7.91,6,2025,5,0,3,2,99,Information Technology,3rd Year,1
7.71,8,2024,4,3,3,1,57,Computer Science,4th Year,1
7.53,8,2024,4,4,2,0,73,Electrical,4th Year,1
6.77,8,2024,5,0,3,1,71,Electronics & Comm,4th Year,1
7.29,7,2025,7,1,2,2,85,Computer Science,4th Year,1
5.74,7,2025,5,1,0,0,86,Information Technology,4th Year,0
7.49,7,2025,6,1,2,2,69,Computer Science,4th Year,1
6.51,6,2025,8,4,4,0,74,Information Technology,3rd Year,1
6.39,7,2025,5,1,0,2,74,Mechanical,4th Year,1
7.8,7,2025,4,5,4,1,35,Mechanical,4th Year,1
9.13,7,2025,6,3,0,1,46,Computer Science,4th Year,1
8.61,8,2024,7,3,2,2,60,Information Technology,4th Year,1
5.87,7,2025,7,4,0,2,61,Information Technology,4th Year,1
6.51,6,2025,8,2,1,2,52,Computer Science,3rd Year,1
8.63,8,2024,9,3,2,1,81,Computer Science,4th Year,1
6.52,8,2024,1,2,1,1,70,Information Technology,4th Year,0
7.35,8,2024,12,3,4,1,66,Information Technology,4th Year,1
8.21,8,2024,3,3,2,1,51,Computer Science,4th Year,1
6.53,7,2025,13,1,0,2,69,Computer Science,4th Year,1
7.72,8,2024,7,6,1,0,30,Computer Science,4th Year,1
6.13,6,2025,3,1,4,1,67,Computer Science,3rd Year,0
6.94,7,2025,1,3,6,1,70,Information Technology,4th Year,1
7.95,7,2025,12,2,1,0,73,Computer Science,4th Year,1
5.85,6,2025,4,1,3,2,46,Computer Science,3rd Year,0
8.08,6,2025,2,3,2,1,73,Mechanical,3rd Year,1
7.58,8,2024,8,8,0,1,54,Computer Science,4th Year,1
8.21,8,2024,3,1,4,2,57,Information Technology,4th Year,1
7.85,7,2025,4,3,3,1,80,Electrical,4th Year,1
9.1,6,2025,4,3,0,1,100,Information Technology,3rd Year,1
